"Month","Temp","Surv","Coll_temp","species","curve_id"
"July",16,0,20,"tonsa","July"
"July",16,1,20,"tonsa","July"
"July",16,1,20,"tonsa","July"
"July",16,1,20,"tonsa","July"
"July",16,1,20,"tonsa","July"
"July",16,1,20,"tonsa","July"
"July",16,1,20,"tonsa","July"
"July",16,1,20,"tonsa","July"
"July",16,1,20,"tonsa","July"
"July",16,1,20,"tonsa","July"
"July",16,1,20,"tonsa","July"
"July",16,1,20,"tonsa","July"
"July",16,1,20,"tonsa","July"
"July",16,1,20,"tonsa","July"
"July",16,1,20,"tonsa","July"
"July",19,1,20,"tonsa","July"
"July",19,1,20,"tonsa","July"
"July",19,1,20,"tonsa","July"
"July",19,1,20,"tonsa","July"
"July",19,1,20,"tonsa","July"
"July",19,1,20,"tonsa","July"
"July",19,1,20,"tonsa","July"
"July",19,1,20,"tonsa","July"
"July",19,1,20,"tonsa","July"
"July",19,1,20,"tonsa","July"
"July",19,1,20,"tonsa","July"
"July",19,1,20,"tonsa","July"
"July",19,1,20,"tonsa","July"
"July",19,1,20,"tonsa","July"
"July",19,1,20,"tonsa","July"
"July",22,1,20,"tonsa","July"
"July",22,1,20,"tonsa","July"
"July",22,1,20,"tonsa","July"
"July",22,1,20,"tonsa","July"
"July",22,1,20,"tonsa","July"
"July",22,1,20,"tonsa","July"
"July",22,1,20,"tonsa","July"
"July",22,1,20,"tonsa","July"
"July",22,1,20,"tonsa","July"
"July",22,1,20,"tonsa","July"
"July",22,1,20,"tonsa","July"
"July",22,1,20,"tonsa","July"
"July",22,1,20,"tonsa","July"
"July",22,1,20,"tonsa","July"
"July",22,1,20,"tonsa","July"
"July",25,1,20,"tonsa","July"
"July",25,1,20,"tonsa","July"
"July",25,1,20,"tonsa","July"
"July",25,1,20,"tonsa","July"
"July",25,1,20,"tonsa","July"
"July",25,1,20,"tonsa","July"
"July",25,1,20,"tonsa","July"
"July",25,1,20,"tonsa","July"
"July",25,1,20,"tonsa","July"
"July",25,1,20,"tonsa","July"
"July",25,1,20,"tonsa","July"
"July",25,1,20,"tonsa","July"
"July",25,1,20,"tonsa","July"
"July",25,1,20,"tonsa","July"
"July",25,0,20,"tonsa","July"
"July",28,1,20,"tonsa","July"
"July",28,1,20,"tonsa","July"
"July",28,1,20,"tonsa","July"
"July",28,1,20,"tonsa","July"
"July",28,1,20,"tonsa","July"
"July",28,1,20,"tonsa","July"
"July",28,1,20,"tonsa","July"
"July",28,1,20,"tonsa","July"
"July",28,1,20,"tonsa","July"
"July",28,1,20,"tonsa","July"
"July",28,1,20,"tonsa","July"
"July",28,1,20,"tonsa","July"
"July",28,1,20,"tonsa","July"
"July",28,1,20,"tonsa","July"
"July",28,1,20,"tonsa","July"
"July",31,0,20,"tonsa","July"
"July",31,0,20,"tonsa","July"
"July",31,0,20,"tonsa","July"
"July",31,0,20,"tonsa","July"
"July",31,0,20,"tonsa","July"
"July",31,0,20,"tonsa","July"
"July",31,0,20,"tonsa","July"
"July",31,0,20,"tonsa","July"
"July",31,0,20,"tonsa","July"
"July",31,0,20,"tonsa","July"
"July",31,0,20,"tonsa","July"
"July",31,0,20,"tonsa","July"
"July",31,0,20,"tonsa","July"
"July",31,0,20,"tonsa","July"
"July",31,0,20,"tonsa","July"
"July",34,0,20,"tonsa","July"
"July",34,0,20,"tonsa","July"
"July",34,0,20,"tonsa","July"
"July",34,0,20,"tonsa","July"
"July",34,0,20,"tonsa","July"
"July",34,0,20,"tonsa","July"
"July",34,0,20,"tonsa","July"
"July",34,0,20,"tonsa","July"
"July",34,0,20,"tonsa","July"
"July",34,0,20,"tonsa","July"
"July",34,0,20,"tonsa","July"
"July",34,0,20,"tonsa","July"
"July",34,0,20,"tonsa","July"
"July",34,0,20,"tonsa","July"
"July",34,0,20,"tonsa","July"
"August",26,0,18,"tonsa","August"
"August",26,1,18,"tonsa","August"
"August",26,1,18,"tonsa","August"
"August",26,1,18,"tonsa","August"
"August",26,1,18,"tonsa","August"
"August",26,1,18,"tonsa","August"
"August",26,1,18,"tonsa","August"
"August",26,1,18,"tonsa","August"
"August",26,1,18,"tonsa","August"
"August",26,1,18,"tonsa","August"
"August",26,1,18,"tonsa","August"
"August",26,1,18,"tonsa","August"
"August",26,1,18,"tonsa","August"
"August",26,1,18,"tonsa","August"
"August",26,1,18,"tonsa","August"
"August",28,1,18,"tonsa","August"
"August",28,1,18,"tonsa","August"
"August",28,1,18,"tonsa","August"
"August",28,1,18,"tonsa","August"
"August",28,1,18,"tonsa","August"
"August",28,1,18,"tonsa","August"
"August",28,1,18,"tonsa","August"
"August",28,1,18,"tonsa","August"
"August",28,1,18,"tonsa","August"
"August",28,1,18,"tonsa","August"
"August",28,1,18,"tonsa","August"
"August",28,1,18,"tonsa","August"
"August",28,1,18,"tonsa","August"
"August",28,1,18,"tonsa","August"
"August",28,1,18,"tonsa","August"
"August",30,1,18,"tonsa","August"
"August",30,1,18,"tonsa","August"
"August",30,1,18,"tonsa","August"
"August",30,1,18,"tonsa","August"
"August",30,1,18,"tonsa","August"
"August",30,1,18,"tonsa","August"
"August",30,1,18,"tonsa","August"
"August",30,1,18,"tonsa","August"
"August",30,1,18,"tonsa","August"
"August",30,1,18,"tonsa","August"
"August",30,1,18,"tonsa","August"
"August",30,1,18,"tonsa","August"
"August",30,1,18,"tonsa","August"
"August",30,1,18,"tonsa","August"
"August",30,1,18,"tonsa","August"
"August",32,1,18,"tonsa","August"
"August",32,1,18,"tonsa","August"
"August",32,1,18,"tonsa","August"
"August",32,1,18,"tonsa","August"
"August",32,1,18,"tonsa","August"
"August",32,1,18,"tonsa","August"
"August",32,1,18,"tonsa","August"
"August",32,1,18,"tonsa","August"
"August",32,1,18,"tonsa","August"
"August",32,1,18,"tonsa","August"
"August",32,1,18,"tonsa","August"
"August",32,1,18,"tonsa","August"
"August",32,0,18,"tonsa","August"
"August",32,0,18,"tonsa","August"
"August",32,0,18,"tonsa","August"
"August",33,0,18,"tonsa","August"
"August",33,0,18,"tonsa","August"
"August",33,0,18,"tonsa","August"
"August",33,0,18,"tonsa","August"
"August",33,0,18,"tonsa","August"
"August",33,0,18,"tonsa","August"
"August",33,0,18,"tonsa","August"
"August",33,1,18,"tonsa","August"
"August",33,1,18,"tonsa","August"
"August",33,1,18,"tonsa","August"
"August",33,1,18,"tonsa","August"
"August",33,1,18,"tonsa","August"
"August",33,1,18,"tonsa","August"
"August",33,1,18,"tonsa","August"
"August",33,1,18,"tonsa","August"
"August",34,0,18,"tonsa","August"
"August",34,0,18,"tonsa","August"
"August",34,0,18,"tonsa","August"
"August",34,0,18,"tonsa","August"
"August",34,0,18,"tonsa","August"
"August",34,0,18,"tonsa","August"
"August",34,0,18,"tonsa","August"
"August",34,0,18,"tonsa","August"
"August",34,0,18,"tonsa","August"
"August",34,0,18,"tonsa","August"
"August",34,0,18,"tonsa","August"
"August",34,0,18,"tonsa","August"
"August",34,0,18,"tonsa","August"
"August",34,0,18,"tonsa","August"
"August",34,0,18,"tonsa","August"
"August",35,0,18,"tonsa","August"
"August",35,0,18,"tonsa","August"
"August",35,0,18,"tonsa","August"
"August",35,0,18,"tonsa","August"
"August",35,0,18,"tonsa","August"
"August",35,0,18,"tonsa","August"
"August",35,0,18,"tonsa","August"
"August",35,0,18,"tonsa","August"
"August",35,0,18,"tonsa","August"
"August",35,0,18,"tonsa","August"
"August",35,0,18,"tonsa","August"
"August",35,0,18,"tonsa","August"
"August",35,0,18,"tonsa","August"
"August",35,0,18,"tonsa","August"
"August",35,0,18,"tonsa","August"
"August",36,0,18,"tonsa","August"
"August",36,0,18,"tonsa","August"
"August",36,0,18,"tonsa","August"
"August",36,0,18,"tonsa","August"
"August",36,0,18,"tonsa","August"
"August",36,0,18,"tonsa","August"
"August",36,0,18,"tonsa","August"
"August",36,0,18,"tonsa","August"
"August",36,0,18,"tonsa","August"
"August",36,0,18,"tonsa","August"
"August",36,0,18,"tonsa","August"
"August",36,0,18,"tonsa","August"
"August",36,0,18,"tonsa","August"
"August",36,0,18,"tonsa","August"
"August",36,0,18,"tonsa","August"
"September",24,1,18,"tonsa","September"
"September",24,1,18,"tonsa","September"
"September",24,1,18,"tonsa","September"
"September",24,1,18,"tonsa","September"
"September",24,1,18,"tonsa","September"
"September",24,1,18,"tonsa","September"
"September",24,1,18,"tonsa","September"
"September",24,1,18,"tonsa","September"
"September",24,1,18,"tonsa","September"
"September",24,1,18,"tonsa","September"
"September",24,1,18,"tonsa","September"
"September",24,1,18,"tonsa","September"
"September",24,1,18,"tonsa","September"
"September",24,1,18,"tonsa","September"
"September",24,1,18,"tonsa","September"
"September",26,1,18,"tonsa","September"
"September",26,1,18,"tonsa","September"
"September",26,1,18,"tonsa","September"
"September",26,1,18,"tonsa","September"
"September",26,1,18,"tonsa","September"
"September",26,1,18,"tonsa","September"
"September",26,1,18,"tonsa","September"
"September",26,1,18,"tonsa","September"
"September",26,1,18,"tonsa","September"
"September",26,1,18,"tonsa","September"
"September",26,1,18,"tonsa","September"
"September",26,1,18,"tonsa","September"
"September",26,1,18,"tonsa","September"
"September",26,1,18,"tonsa","September"
"September",26,0,18,"tonsa","September"
"September",28,1,18,"tonsa","September"
"September",28,1,18,"tonsa","September"
"September",28,1,18,"tonsa","September"
"September",28,1,18,"tonsa","September"
"September",28,1,18,"tonsa","September"
"September",28,1,18,"tonsa","September"
"September",28,1,18,"tonsa","September"
"September",28,1,18,"tonsa","September"
"September",28,1,18,"tonsa","September"
"September",28,1,18,"tonsa","September"
"September",28,1,18,"tonsa","September"
"September",28,1,18,"tonsa","September"
"September",28,1,18,"tonsa","September"
"September",28,1,18,"tonsa","September"
"September",28,1,18,"tonsa","September"
"September",30,0,18,"tonsa","September"
"September",30,0,18,"tonsa","September"
"September",30,1,18,"tonsa","September"
"September",30,1,18,"tonsa","September"
"September",30,1,18,"tonsa","September"
"September",30,1,18,"tonsa","September"
"September",30,1,18,"tonsa","September"
"September",30,1,18,"tonsa","September"
"September",30,1,18,"tonsa","September"
"September",30,1,18,"tonsa","September"
"September",30,1,18,"tonsa","September"
"September",30,1,18,"tonsa","September"
"September",30,1,18,"tonsa","September"
"September",30,1,18,"tonsa","September"
"September",30,1,18,"tonsa","September"
"September",31,1,18,"tonsa","September"
"September",31,1,18,"tonsa","September"
"September",31,0,18,"tonsa","September"
"September",31,0,18,"tonsa","September"
"September",31,0,18,"tonsa","September"
"September",31,0,18,"tonsa","September"
"September",31,0,18,"tonsa","September"
"September",31,0,18,"tonsa","September"
"September",31,0,18,"tonsa","September"
"September",31,0,18,"tonsa","September"
"September",31,0,18,"tonsa","September"
"September",31,0,18,"tonsa","September"
"September",31,0,18,"tonsa","September"
"September",31,0,18,"tonsa","September"
"September",31,0,18,"tonsa","September"
"September",32,0,18,"tonsa","September"
"September",32,0,18,"tonsa","September"
"September",32,0,18,"tonsa","September"
"September",32,0,18,"tonsa","September"
"September",32,0,18,"tonsa","September"
"September",32,0,18,"tonsa","September"
"September",32,0,18,"tonsa","September"
"September",32,0,18,"tonsa","September"
"September",32,0,18,"tonsa","September"
"September",32,0,18,"tonsa","September"
"September",32,0,18,"tonsa","September"
"September",32,0,18,"tonsa","September"
"September",32,0,18,"tonsa","September"
"September",32,0,18,"tonsa","September"
"September",32,0,18,"tonsa","September"
"September",33,0,18,"tonsa","September"
"September",33,0,18,"tonsa","September"
"September",33,0,18,"tonsa","September"
"September",33,0,18,"tonsa","September"
"September",33,0,18,"tonsa","September"
"September",33,0,18,"tonsa","September"
"September",33,0,18,"tonsa","September"
"September",33,0,18,"tonsa","September"
"September",33,0,18,"tonsa","September"
"September",33,0,18,"tonsa","September"
"September",33,0,18,"tonsa","September"
"September",33,0,18,"tonsa","September"
"September",33,0,18,"tonsa","September"
"September",33,0,18,"tonsa","September"
"September",33,0,18,"tonsa","September"
"September",34,0,18,"tonsa","September"
"September",34,0,18,"tonsa","September"
"September",34,0,18,"tonsa","September"
"September",34,0,18,"tonsa","September"
"September",34,0,18,"tonsa","September"
"September",34,0,18,"tonsa","September"
"September",34,0,18,"tonsa","September"
"September",34,0,18,"tonsa","September"
"September",34,0,18,"tonsa","September"
"September",34,0,18,"tonsa","September"
"September",34,0,18,"tonsa","September"
"September",34,0,18,"tonsa","September"
"September",34,0,18,"tonsa","September"
"September",34,0,18,"tonsa","September"
"September",34,0,18,"tonsa","September"
"September",36,0,18,"tonsa","September"
"September",36,0,18,"tonsa","September"
"September",36,0,18,"tonsa","September"
"September",36,0,18,"tonsa","September"
"September",36,0,18,"tonsa","September"
"September",36,0,18,"tonsa","September"
"September",36,0,18,"tonsa","September"
"September",36,0,18,"tonsa","September"
"September",36,0,18,"tonsa","September"
"September",36,0,18,"tonsa","September"
"September",36,0,18,"tonsa","September"
"September",36,0,18,"tonsa","September"
"September",36,0,18,"tonsa","September"
"September",36,0,18,"tonsa","September"
"September",36,0,18,"tonsa","September"
"October",24,1,16,"tonsa","October"
"October",24,1,16,"tonsa","October"
"October",24,1,16,"tonsa","October"
"October",24,1,16,"tonsa","October"
"October",24,1,16,"tonsa","October"
"October",24,1,16,"tonsa","October"
"October",24,1,16,"tonsa","October"
"October",24,1,16,"tonsa","October"
"October",24,1,16,"tonsa","October"
"October",24,1,16,"tonsa","October"
"October",24,1,16,"tonsa","October"
"October",24,1,16,"tonsa","October"
"October",24,1,16,"tonsa","October"
"October",24,1,16,"tonsa","October"
"October",24,1,16,"tonsa","October"
"October",26,0,16,"tonsa","October"
"October",26,1,16,"tonsa","October"
"October",26,1,16,"tonsa","October"
"October",26,1,16,"tonsa","October"
"October",26,1,16,"tonsa","October"
"October",26,1,16,"tonsa","October"
"October",26,1,16,"tonsa","October"
"October",26,1,16,"tonsa","October"
"October",26,1,16,"tonsa","October"
"October",26,1,16,"tonsa","October"
"October",26,1,16,"tonsa","October"
"October",26,1,16,"tonsa","October"
"October",26,1,16,"tonsa","October"
"October",26,1,16,"tonsa","October"
"October",26,1,16,"tonsa","October"
"October",28,1,16,"tonsa","October"
"October",28,1,16,"tonsa","October"
"October",28,1,16,"tonsa","October"
"October",28,1,16,"tonsa","October"
"October",28,1,16,"tonsa","October"
"October",28,1,16,"tonsa","October"
"October",28,1,16,"tonsa","October"
"October",28,1,16,"tonsa","October"
"October",28,1,16,"tonsa","October"
"October",28,1,16,"tonsa","October"
"October",28,1,16,"tonsa","October"
"October",28,1,16,"tonsa","October"
"October",28,1,16,"tonsa","October"
"October",28,1,16,"tonsa","October"
"October",28,1,16,"tonsa","October"
"October",30,1,16,"tonsa","October"
"October",30,1,16,"tonsa","October"
"October",30,1,16,"tonsa","October"
"October",30,1,16,"tonsa","October"
"October",30,1,16,"tonsa","October"
"October",30,1,16,"tonsa","October"
"October",30,1,16,"tonsa","October"
"October",30,1,16,"tonsa","October"
"October",30,0,16,"tonsa","October"
"October",30,0,16,"tonsa","October"
"October",30,0,16,"tonsa","October"
"October",30,0,16,"tonsa","October"
"October",30,0,16,"tonsa","October"
"October",30,0,16,"tonsa","October"
"October",30,0,16,"tonsa","October"
"October",31,1,16,"tonsa","October"
"October",31,1,16,"tonsa","October"
"October",31,0,16,"tonsa","October"
"October",31,0,16,"tonsa","October"
"October",31,0,16,"tonsa","October"
"October",31,0,16,"tonsa","October"
"October",31,0,16,"tonsa","October"
"October",31,0,16,"tonsa","October"
"October",31,0,16,"tonsa","October"
"October",31,0,16,"tonsa","October"
"October",31,0,16,"tonsa","October"
"October",31,0,16,"tonsa","October"
"October",31,0,16,"tonsa","October"
"October",31,0,16,"tonsa","October"
"October",31,0,16,"tonsa","October"
"October",32,0,16,"tonsa","October"
"October",32,0,16,"tonsa","October"
"October",32,0,16,"tonsa","October"
"October",32,0,16,"tonsa","October"
"October",32,0,16,"tonsa","October"
"October",32,0,16,"tonsa","October"
"October",32,0,16,"tonsa","October"
"October",32,0,16,"tonsa","October"
"October",32,0,16,"tonsa","October"
"October",32,0,16,"tonsa","October"
"October",32,0,16,"tonsa","October"
"October",32,0,16,"tonsa","October"
"October",32,0,16,"tonsa","October"
"October",32,0,16,"tonsa","October"
"October",32,0,16,"tonsa","October"
"October",33,0,16,"tonsa","October"
"October",33,0,16,"tonsa","October"
"October",33,0,16,"tonsa","October"
"October",33,0,16,"tonsa","October"
"October",33,0,16,"tonsa","October"
"October",33,0,16,"tonsa","October"
"October",33,0,16,"tonsa","October"
"October",33,0,16,"tonsa","October"
"October",33,0,16,"tonsa","October"
"October",33,0,16,"tonsa","October"
"October",33,0,16,"tonsa","October"
"October",33,0,16,"tonsa","October"
"October",33,0,16,"tonsa","October"
"October",33,0,16,"tonsa","October"
"October",33,0,16,"tonsa","October"
"October",34,0,16,"tonsa","October"
"October",34,0,16,"tonsa","October"
"October",34,0,16,"tonsa","October"
"October",34,0,16,"tonsa","October"
"October",34,0,16,"tonsa","October"
"October",34,0,16,"tonsa","October"
"October",34,0,16,"tonsa","October"
"October",34,0,16,"tonsa","October"
"October",34,0,16,"tonsa","October"
"October",34,0,16,"tonsa","October"
"October",34,0,16,"tonsa","October"
"October",34,0,16,"tonsa","October"
"October",34,0,16,"tonsa","October"
"October",34,0,16,"tonsa","October"
"October",34,0,16,"tonsa","October"
"October",36,0,16,"tonsa","October"
"October",36,0,16,"tonsa","October"
"October",36,0,16,"tonsa","October"
"October",36,0,16,"tonsa","October"
"October",36,0,16,"tonsa","October"
"October",36,0,16,"tonsa","October"
"October",36,0,16,"tonsa","October"
"October",36,0,16,"tonsa","October"
"October",36,0,16,"tonsa","October"
"October",36,0,16,"tonsa","October"
"October",36,0,16,"tonsa","October"
"October",36,0,16,"tonsa","October"
"October",36,0,16,"tonsa","October"
"October",36,0,16,"tonsa","October"
"October",36,0,16,"tonsa","October"
"November_1",24,0,14,"tonsa","November_1"
"November_1",24,1,14,"tonsa","November_1"
"November_1",24,1,14,"tonsa","November_1"
"November_1",24,1,14,"tonsa","November_1"
"November_1",24,1,14,"tonsa","November_1"
"November_1",24,1,14,"tonsa","November_1"
"November_1",24,1,14,"tonsa","November_1"
"November_1",24,1,14,"tonsa","November_1"
"November_1",24,1,14,"tonsa","November_1"
"November_1",24,1,14,"tonsa","November_1"
"November_1",24,1,14,"tonsa","November_1"
"November_1",24,1,14,"tonsa","November_1"
"November_1",24,1,14,"tonsa","November_1"
"November_1",24,1,14,"tonsa","November_1"
"November_1",24,1,14,"tonsa","November_1"
"November_1",26,1,14,"tonsa","November_1"
"November_1",26,1,14,"tonsa","November_1"
"November_1",26,1,14,"tonsa","November_1"
"November_1",26,1,14,"tonsa","November_1"
"November_1",26,1,14,"tonsa","November_1"
"November_1",26,1,14,"tonsa","November_1"
"November_1",26,1,14,"tonsa","November_1"
"November_1",26,1,14,"tonsa","November_1"
"November_1",26,1,14,"tonsa","November_1"
"November_1",26,1,14,"tonsa","November_1"
"November_1",26,1,14,"tonsa","November_1"
"November_1",26,1,14,"tonsa","November_1"
"November_1",26,1,14,"tonsa","November_1"
"November_1",26,1,14,"tonsa","November_1"
"November_1",26,1,14,"tonsa","November_1"
"November_1",28,0,14,"tonsa","November_1"
"November_1",28,1,14,"tonsa","November_1"
"November_1",28,1,14,"tonsa","November_1"
"November_1",28,1,14,"tonsa","November_1"
"November_1",28,1,14,"tonsa","November_1"
"November_1",28,1,14,"tonsa","November_1"
"November_1",28,1,14,"tonsa","November_1"
"November_1",28,1,14,"tonsa","November_1"
"November_1",28,1,14,"tonsa","November_1"
"November_1",28,1,14,"tonsa","November_1"
"November_1",28,1,14,"tonsa","November_1"
"November_1",28,1,14,"tonsa","November_1"
"November_1",28,1,14,"tonsa","November_1"
"November_1",28,1,14,"tonsa","November_1"
"November_1",28,1,14,"tonsa","November_1"
"November_1",30,1,14,"tonsa","November_1"
"November_1",30,1,14,"tonsa","November_1"
"November_1",30,1,14,"tonsa","November_1"
"November_1",30,1,14,"tonsa","November_1"
"November_1",30,1,14,"tonsa","November_1"
"November_1",30,0,14,"tonsa","November_1"
"November_1",30,0,14,"tonsa","November_1"
"November_1",30,0,14,"tonsa","November_1"
"November_1",30,0,14,"tonsa","November_1"
"November_1",30,0,14,"tonsa","November_1"
"November_1",30,0,14,"tonsa","November_1"
"November_1",30,0,14,"tonsa","November_1"
"November_1",30,0,14,"tonsa","November_1"
"November_1",30,0,14,"tonsa","November_1"
"November_1",30,0,14,"tonsa","November_1"
"November_1",31,1,14,"tonsa","November_1"
"November_1",31,1,14,"tonsa","November_1"
"November_1",31,1,14,"tonsa","November_1"
"November_1",31,1,14,"tonsa","November_1"
"November_1",31,0,14,"tonsa","November_1"
"November_1",31,0,14,"tonsa","November_1"
"November_1",31,0,14,"tonsa","November_1"
"November_1",31,0,14,"tonsa","November_1"
"November_1",31,0,14,"tonsa","November_1"
"November_1",31,0,14,"tonsa","November_1"
"November_1",31,0,14,"tonsa","November_1"
"November_1",31,0,14,"tonsa","November_1"
"November_1",31,0,14,"tonsa","November_1"
"November_1",31,0,14,"tonsa","November_1"
"November_1",31,0,14,"tonsa","November_1"
"November_1",32,0,14,"tonsa","November_1"
"November_1",32,0,14,"tonsa","November_1"
"November_1",32,0,14,"tonsa","November_1"
"November_1",32,0,14,"tonsa","November_1"
"November_1",32,0,14,"tonsa","November_1"
"November_1",32,0,14,"tonsa","November_1"
"November_1",32,0,14,"tonsa","November_1"
"November_1",32,0,14,"tonsa","November_1"
"November_1",32,0,14,"tonsa","November_1"
"November_1",32,0,14,"tonsa","November_1"
"November_1",32,0,14,"tonsa","November_1"
"November_1",32,0,14,"tonsa","November_1"
"November_1",32,0,14,"tonsa","November_1"
"November_1",32,0,14,"tonsa","November_1"
"November_1",32,0,14,"tonsa","November_1"
"November_1",33,0,14,"tonsa","November_1"
"November_1",33,0,14,"tonsa","November_1"
"November_1",33,0,14,"tonsa","November_1"
"November_1",33,0,14,"tonsa","November_1"
"November_1",33,0,14,"tonsa","November_1"
"November_1",33,0,14,"tonsa","November_1"
"November_1",33,0,14,"tonsa","November_1"
"November_1",33,0,14,"tonsa","November_1"
"November_1",33,0,14,"tonsa","November_1"
"November_1",33,0,14,"tonsa","November_1"
"November_1",33,0,14,"tonsa","November_1"
"November_1",33,0,14,"tonsa","November_1"
"November_1",33,0,14,"tonsa","November_1"
"November_1",33,0,14,"tonsa","November_1"
"November_1",33,0,14,"tonsa","November_1"
"November_1",34,0,14,"tonsa","November_1"
"November_1",34,0,14,"tonsa","November_1"
"November_1",34,0,14,"tonsa","November_1"
"November_1",34,0,14,"tonsa","November_1"
"November_1",34,0,14,"tonsa","November_1"
"November_1",34,0,14,"tonsa","November_1"
"November_1",34,0,14,"tonsa","November_1"
"November_1",34,0,14,"tonsa","November_1"
"November_1",34,0,14,"tonsa","November_1"
"November_1",34,0,14,"tonsa","November_1"
"November_1",34,0,14,"tonsa","November_1"
"November_1",34,0,14,"tonsa","November_1"
"November_1",34,0,14,"tonsa","November_1"
"November_1",34,0,14,"tonsa","November_1"
"November_1",34,0,14,"tonsa","November_1"
"November_1",36,0,14,"tonsa","November_1"
"November_1",36,0,14,"tonsa","November_1"
"November_1",36,0,14,"tonsa","November_1"
"November_1",36,0,14,"tonsa","November_1"
"November_1",36,0,14,"tonsa","November_1"
"November_1",36,0,14,"tonsa","November_1"
"November_1",36,0,14,"tonsa","November_1"
"November_1",36,0,14,"tonsa","November_1"
"November_1",36,0,14,"tonsa","November_1"
"November_1",36,0,14,"tonsa","November_1"
"November_1",36,0,14,"tonsa","November_1"
"November_1",36,0,14,"tonsa","November_1"
"November_1",36,0,14,"tonsa","November_1"
"November_1",36,0,14,"tonsa","November_1"
"November_1",36,0,14,"tonsa","November_1"
"November_2",24,1,11,"tonsa","November_2"
"November_2",24,1,11,"tonsa","November_2"
"November_2",24,1,11,"tonsa","November_2"
"November_2",24,1,11,"tonsa","November_2"
"November_2",24,1,11,"tonsa","November_2"
"November_2",24,1,11,"tonsa","November_2"
"November_2",24,1,11,"tonsa","November_2"
"November_2",24,1,11,"tonsa","November_2"
"November_2",24,1,11,"tonsa","November_2"
"November_2",24,1,11,"tonsa","November_2"
"November_2",24,1,11,"tonsa","November_2"
"November_2",24,1,11,"tonsa","November_2"
"November_2",24,1,11,"tonsa","November_2"
"November_2",24,1,11,"tonsa","November_2"
"November_2",24,1,11,"tonsa","November_2"
"November_2",26,0,11,"tonsa","November_2"
"November_2",26,1,11,"tonsa","November_2"
"November_2",26,1,11,"tonsa","November_2"
"November_2",26,1,11,"tonsa","November_2"
"November_2",26,1,11,"tonsa","November_2"
"November_2",26,1,11,"tonsa","November_2"
"November_2",26,1,11,"tonsa","November_2"
"November_2",26,1,11,"tonsa","November_2"
"November_2",26,1,11,"tonsa","November_2"
"November_2",26,1,11,"tonsa","November_2"
"November_2",26,1,11,"tonsa","November_2"
"November_2",26,1,11,"tonsa","November_2"
"November_2",26,1,11,"tonsa","November_2"
"November_2",26,1,11,"tonsa","November_2"
"November_2",26,1,11,"tonsa","November_2"
"November_2",28,1,11,"tonsa","November_2"
"November_2",28,1,11,"tonsa","November_2"
"November_2",28,1,11,"tonsa","November_2"
"November_2",28,1,11,"tonsa","November_2"
"November_2",28,1,11,"tonsa","November_2"
"November_2",28,1,11,"tonsa","November_2"
"November_2",28,1,11,"tonsa","November_2"
"November_2",28,1,11,"tonsa","November_2"
"November_2",28,1,11,"tonsa","November_2"
"November_2",28,0,11,"tonsa","November_2"
"November_2",28,0,11,"tonsa","November_2"
"November_2",28,0,11,"tonsa","November_2"
"November_2",28,0,11,"tonsa","November_2"
"November_2",28,0,11,"tonsa","November_2"
"November_2",28,0,11,"tonsa","November_2"
"November_2",30,1,11,"tonsa","November_2"
"November_2",30,0,11,"tonsa","November_2"
"November_2",30,0,11,"tonsa","November_2"
"November_2",30,0,11,"tonsa","November_2"
"November_2",30,0,11,"tonsa","November_2"
"November_2",30,0,11,"tonsa","November_2"
"November_2",30,0,11,"tonsa","November_2"
"November_2",30,0,11,"tonsa","November_2"
"November_2",30,0,11,"tonsa","November_2"
"November_2",30,0,11,"tonsa","November_2"
"November_2",30,0,11,"tonsa","November_2"
"November_2",30,0,11,"tonsa","November_2"
"November_2",30,0,11,"tonsa","November_2"
"November_2",30,0,11,"tonsa","November_2"
"November_2",30,0,11,"tonsa","November_2"
"November_2",31,0,11,"tonsa","November_2"
"November_2",31,0,11,"tonsa","November_2"
"November_2",31,0,11,"tonsa","November_2"
"November_2",31,0,11,"tonsa","November_2"
"November_2",31,0,11,"tonsa","November_2"
"November_2",31,0,11,"tonsa","November_2"
"November_2",31,0,11,"tonsa","November_2"
"November_2",31,0,11,"tonsa","November_2"
"November_2",31,0,11,"tonsa","November_2"
"November_2",31,0,11,"tonsa","November_2"
"November_2",31,0,11,"tonsa","November_2"
"November_2",31,0,11,"tonsa","November_2"
"November_2",31,0,11,"tonsa","November_2"
"November_2",31,0,11,"tonsa","November_2"
"November_2",31,0,11,"tonsa","November_2"
"November_2",32,0,11,"tonsa","November_2"
"November_2",32,0,11,"tonsa","November_2"
"November_2",32,0,11,"tonsa","November_2"
"November_2",32,0,11,"tonsa","November_2"
"November_2",32,0,11,"tonsa","November_2"
"November_2",32,0,11,"tonsa","November_2"
"November_2",32,0,11,"tonsa","November_2"
"November_2",32,0,11,"tonsa","November_2"
"November_2",32,0,11,"tonsa","November_2"
"November_2",32,0,11,"tonsa","November_2"
"November_2",32,0,11,"tonsa","November_2"
"November_2",32,0,11,"tonsa","November_2"
"November_2",32,0,11,"tonsa","November_2"
"November_2",32,0,11,"tonsa","November_2"
"November_2",32,0,11,"tonsa","November_2"
"November_2",33,0,11,"tonsa","November_2"
"November_2",33,0,11,"tonsa","November_2"
"November_2",33,0,11,"tonsa","November_2"
"November_2",33,0,11,"tonsa","November_2"
"November_2",33,0,11,"tonsa","November_2"
"November_2",33,0,11,"tonsa","November_2"
"November_2",33,0,11,"tonsa","November_2"
"November_2",33,0,11,"tonsa","November_2"
"November_2",33,0,11,"tonsa","November_2"
"November_2",33,0,11,"tonsa","November_2"
"November_2",33,0,11,"tonsa","November_2"
"November_2",33,0,11,"tonsa","November_2"
"November_2",33,0,11,"tonsa","November_2"
"November_2",33,0,11,"tonsa","November_2"
"November_2",33,0,11,"tonsa","November_2"
"November_2",34,0,11,"tonsa","November_2"
"November_2",34,0,11,"tonsa","November_2"
"November_2",34,0,11,"tonsa","November_2"
"November_2",34,0,11,"tonsa","November_2"
"November_2",34,0,11,"tonsa","November_2"
"November_2",34,0,11,"tonsa","November_2"
"November_2",34,0,11,"tonsa","November_2"
"November_2",34,0,11,"tonsa","November_2"
"November_2",34,0,11,"tonsa","November_2"
"November_2",34,0,11,"tonsa","November_2"
"November_2",34,0,11,"tonsa","November_2"
"November_2",34,0,11,"tonsa","November_2"
"November_2",34,0,11,"tonsa","November_2"
"November_2",34,0,11,"tonsa","November_2"
"November_2",34,0,11,"tonsa","November_2"
"November_2",36,0,11,"tonsa","November_2"
"November_2",36,0,11,"tonsa","November_2"
"November_2",36,0,11,"tonsa","November_2"
"November_2",36,0,11,"tonsa","November_2"
"November_2",36,0,11,"tonsa","November_2"
"November_2",36,0,11,"tonsa","November_2"
"November_2",36,0,11,"tonsa","November_2"
"November_2",36,0,11,"tonsa","November_2"
"November_2",36,0,11,"tonsa","November_2"
"November_2",36,0,11,"tonsa","November_2"
"November_2",36,0,11,"tonsa","November_2"
"November_2",36,0,11,"tonsa","November_2"
"November_2",36,0,11,"tonsa","November_2"
"November_2",36,0,11,"tonsa","November_2"
"November_2",36,0,11,"tonsa","November_2"
"January",28,0,2.1,"hudsonica","January"
"January",28,0,2.1,"hudsonica","January"
"January",28,0,2.1,"hudsonica","January"
"January",28,0,2.1,"hudsonica","January"
"January",28,0,2.1,"hudsonica","January"
"January",28,0,2.1,"hudsonica","January"
"January",28,0,2.1,"hudsonica","January"
"January",28,0,2.1,"hudsonica","January"
"January",28,0,2.1,"hudsonica","January"
"January",28,0,2.1,"hudsonica","January"
"January",28,0,2.1,"hudsonica","January"
"January",28,0,2.1,"hudsonica","January"
"January",28,0,2.1,"hudsonica","January"
"January",28,0,2.1,"hudsonica","January"
"January",28,0,2.1,"hudsonica","January"
"January",27,0,2.1,"hudsonica","January"
"January",27,0,2.1,"hudsonica","January"
"January",27,0,2.1,"hudsonica","January"
"January",27,0,2.1,"hudsonica","January"
"January",27,0,2.1,"hudsonica","January"
"January",27,0,2.1,"hudsonica","January"
"January",27,0,2.1,"hudsonica","January"
"January",27,0,2.1,"hudsonica","January"
"January",27,0,2.1,"hudsonica","January"
"January",27,0,2.1,"hudsonica","January"
"January",27,0,2.1,"hudsonica","January"
"January",27,0,2.1,"hudsonica","January"
"January",27,0,2.1,"hudsonica","January"
"January",27,0,2.1,"hudsonica","January"
"January",27,0,2.1,"hudsonica","January"
"January",26,0,2.1,"hudsonica","January"
"January",26,0,2.1,"hudsonica","January"
"January",26,0,2.1,"hudsonica","January"
"January",26,0,2.1,"hudsonica","January"
"January",26,0,2.1,"hudsonica","January"
"January",26,0,2.1,"hudsonica","January"
"January",26,0,2.1,"hudsonica","January"
"January",26,0,2.1,"hudsonica","January"
"January",26,0,2.1,"hudsonica","January"
"January",26,0,2.1,"hudsonica","January"
"January",26,0,2.1,"hudsonica","January"
"January",26,0,2.1,"hudsonica","January"
"January",26,0,2.1,"hudsonica","January"
"January",26,0,2.1,"hudsonica","January"
"January",26,0,2.1,"hudsonica","January"
"January",25,0,2.1,"hudsonica","January"
"January",25,0,2.1,"hudsonica","January"
"January",25,0,2.1,"hudsonica","January"
"January",25,0,2.1,"hudsonica","January"
"January",25,0,2.1,"hudsonica","January"
"January",25,0,2.1,"hudsonica","January"
"January",25,0,2.1,"hudsonica","January"
"January",25,0,2.1,"hudsonica","January"
"January",25,0,2.1,"hudsonica","January"
"January",25,0,2.1,"hudsonica","January"
"January",25,0,2.1,"hudsonica","January"
"January",25,0,2.1,"hudsonica","January"
"January",25,0,2.1,"hudsonica","January"
"January",25,0,2.1,"hudsonica","January"
"January",25,0,2.1,"hudsonica","January"
"January",23,1,2.1,"hudsonica","January"
"January",23,1,2.1,"hudsonica","January"
"January",23,1,2.1,"hudsonica","January"
"January",23,1,2.1,"hudsonica","January"
"January",23,1,2.1,"hudsonica","January"
"January",23,1,2.1,"hudsonica","January"
"January",23,0,2.1,"hudsonica","January"
"January",23,0,2.1,"hudsonica","January"
"January",23,0,2.1,"hudsonica","January"
"January",23,0,2.1,"hudsonica","January"
"January",23,0,2.1,"hudsonica","January"
"January",23,0,2.1,"hudsonica","January"
"January",23,0,2.1,"hudsonica","January"
"January",23,0,2.1,"hudsonica","January"
"January",23,0,2.1,"hudsonica","January"
"January",21,1,2.1,"hudsonica","January"
"January",21,1,2.1,"hudsonica","January"
"January",21,1,2.1,"hudsonica","January"
"January",21,1,2.1,"hudsonica","January"
"January",21,1,2.1,"hudsonica","January"
"January",21,1,2.1,"hudsonica","January"
"January",21,1,2.1,"hudsonica","January"
"January",21,1,2.1,"hudsonica","January"
"January",21,1,2.1,"hudsonica","January"
"January",21,1,2.1,"hudsonica","January"
"January",21,0,2.1,"hudsonica","January"
"January",21,0,2.1,"hudsonica","January"
"January",21,0,2.1,"hudsonica","January"
"January",21,0,2.1,"hudsonica","January"
"January",21,0,2.1,"hudsonica","January"
"January",19,1,2.1,"hudsonica","January"
"January",19,1,2.1,"hudsonica","January"
"January",19,1,2.1,"hudsonica","January"
"January",19,1,2.1,"hudsonica","January"
"January",19,1,2.1,"hudsonica","January"
"January",19,1,2.1,"hudsonica","January"
"January",19,1,2.1,"hudsonica","January"
"January",19,1,2.1,"hudsonica","January"
"January",19,1,2.1,"hudsonica","January"
"January",19,1,2.1,"hudsonica","January"
"January",19,1,2.1,"hudsonica","January"
"January",19,1,2.1,"hudsonica","January"
"January",19,1,2.1,"hudsonica","January"
"January",19,1,2.1,"hudsonica","January"
"January",19,0,2.1,"hudsonica","January"
"February",25,0,-0.4,"hudsonica","February"
"February",25,0,-0.4,"hudsonica","February"
"February",25,0,-0.4,"hudsonica","February"
"February",25,0,-0.4,"hudsonica","February"
"February",25,0,-0.4,"hudsonica","February"
"February",25,0,-0.4,"hudsonica","February"
"February",25,0,-0.4,"hudsonica","February"
"February",25,0,-0.4,"hudsonica","February"
"February",25,0,-0.4,"hudsonica","February"
"February",25,0,-0.4,"hudsonica","February"
"February",25,0,-0.4,"hudsonica","February"
"February",25,0,-0.4,"hudsonica","February"
"February",25,0,-0.4,"hudsonica","February"
"February",25,0,-0.4,"hudsonica","February"
"February",25,0,-0.4,"hudsonica","February"
"February",24,0,-0.4,"hudsonica","February"
"February",24,0,-0.4,"hudsonica","February"
"February",24,0,-0.4,"hudsonica","February"
"February",24,0,-0.4,"hudsonica","February"
"February",24,0,-0.4,"hudsonica","February"
"February",24,0,-0.4,"hudsonica","February"
"February",24,0,-0.4,"hudsonica","February"
"February",24,0,-0.4,"hudsonica","February"
"February",24,0,-0.4,"hudsonica","February"
"February",24,0,-0.4,"hudsonica","February"
"February",24,0,-0.4,"hudsonica","February"
"February",24,0,-0.4,"hudsonica","February"
"February",24,0,-0.4,"hudsonica","February"
"February",24,0,-0.4,"hudsonica","February"
"February",24,0,-0.4,"hudsonica","February"
"February",23,1,-0.4,"hudsonica","February"
"February",23,1,-0.4,"hudsonica","February"
"February",23,0,-0.4,"hudsonica","February"
"February",23,0,-0.4,"hudsonica","February"
"February",23,0,-0.4,"hudsonica","February"
"February",23,0,-0.4,"hudsonica","February"
"February",23,0,-0.4,"hudsonica","February"
"February",23,0,-0.4,"hudsonica","February"
"February",23,0,-0.4,"hudsonica","February"
"February",23,0,-0.4,"hudsonica","February"
"February",23,0,-0.4,"hudsonica","February"
"February",23,0,-0.4,"hudsonica","February"
"February",23,0,-0.4,"hudsonica","February"
"February",23,0,-0.4,"hudsonica","February"
"February",23,0,-0.4,"hudsonica","February"
"February",22,0,-0.4,"hudsonica","February"
"February",22,0,-0.4,"hudsonica","February"
"February",22,0,-0.4,"hudsonica","February"
"February",22,0,-0.4,"hudsonica","February"
"February",22,0,-0.4,"hudsonica","February"
"February",22,0,-0.4,"hudsonica","February"
"February",22,0,-0.4,"hudsonica","February"
"February",22,0,-0.4,"hudsonica","February"
"February",22,0,-0.4,"hudsonica","February"
"February",22,0,-0.4,"hudsonica","February"
"February",22,0,-0.4,"hudsonica","February"
"February",22,0,-0.4,"hudsonica","February"
"February",22,0,-0.4,"hudsonica","February"
"February",22,0,-0.4,"hudsonica","February"
"February",22,0,-0.4,"hudsonica","February"
"February",21,1,-0.4,"hudsonica","February"
"February",21,1,-0.4,"hudsonica","February"
"February",21,1,-0.4,"hudsonica","February"
"February",21,1,-0.4,"hudsonica","February"
"February",21,1,-0.4,"hudsonica","February"
"February",21,1,-0.4,"hudsonica","February"
"February",21,1,-0.4,"hudsonica","February"
"February",21,1,-0.4,"hudsonica","February"
"February",21,1,-0.4,"hudsonica","February"
"February",21,1,-0.4,"hudsonica","February"
"February",21,1,-0.4,"hudsonica","February"
"February",21,1,-0.4,"hudsonica","February"
"February",21,0,-0.4,"hudsonica","February"
"February",21,0,-0.4,"hudsonica","February"
"February",21,0,-0.4,"hudsonica","February"
"February",20,1,-0.4,"hudsonica","February"
"February",20,1,-0.4,"hudsonica","February"
"February",20,1,-0.4,"hudsonica","February"
"February",20,1,-0.4,"hudsonica","February"
"February",20,1,-0.4,"hudsonica","February"
"February",20,1,-0.4,"hudsonica","February"
"February",20,1,-0.4,"hudsonica","February"
"February",20,1,-0.4,"hudsonica","February"
"February",20,1,-0.4,"hudsonica","February"
"February",20,1,-0.4,"hudsonica","February"
"February",20,1,-0.4,"hudsonica","February"
"February",20,1,-0.4,"hudsonica","February"
"February",20,1,-0.4,"hudsonica","February"
"February",20,1,-0.4,"hudsonica","February"
"February",20,1,-0.4,"hudsonica","February"
"February",19,1,-0.4,"hudsonica","February"
"February",19,1,-0.4,"hudsonica","February"
"February",19,1,-0.4,"hudsonica","February"
"February",19,1,-0.4,"hudsonica","February"
"February",19,1,-0.4,"hudsonica","February"
"February",19,1,-0.4,"hudsonica","February"
"February",19,1,-0.4,"hudsonica","February"
"February",19,1,-0.4,"hudsonica","February"
"February",19,1,-0.4,"hudsonica","February"
"February",19,1,-0.4,"hudsonica","February"
"February",19,1,-0.4,"hudsonica","February"
"February",19,1,-0.4,"hudsonica","February"
"February",19,1,-0.4,"hudsonica","February"
"February",19,1,-0.4,"hudsonica","February"
"February",19,1,-0.4,"hudsonica","February"
"February",18,1,-0.4,"hudsonica","February"
"February",18,1,-0.4,"hudsonica","February"
"February",18,1,-0.4,"hudsonica","February"
"February",18,1,-0.4,"hudsonica","February"
"February",18,1,-0.4,"hudsonica","February"
"February",18,1,-0.4,"hudsonica","February"
"February",18,1,-0.4,"hudsonica","February"
"February",18,1,-0.4,"hudsonica","February"
"February",18,1,-0.4,"hudsonica","February"
"February",18,1,-0.4,"hudsonica","February"
"February",18,1,-0.4,"hudsonica","February"
"February",18,1,-0.4,"hudsonica","February"
"February",18,1,-0.4,"hudsonica","February"
"February",18,1,-0.4,"hudsonica","February"
"February",18,1,-0.4,"hudsonica","February"
"February",17,1,-0.4,"hudsonica","February"
"February",17,1,-0.4,"hudsonica","February"
"February",17,1,-0.4,"hudsonica","February"
"February",17,1,-0.4,"hudsonica","February"
"February",17,1,-0.4,"hudsonica","February"
"February",17,1,-0.4,"hudsonica","February"
"February",17,1,-0.4,"hudsonica","February"
"February",17,1,-0.4,"hudsonica","February"
"February",17,1,-0.4,"hudsonica","February"
"February",17,1,-0.4,"hudsonica","February"
"February",17,1,-0.4,"hudsonica","February"
"February",17,1,-0.4,"hudsonica","February"
"February",17,1,-0.4,"hudsonica","February"
"February",17,1,-0.4,"hudsonica","February"
"February",17,1,-0.4,"hudsonica","February"
"March",25,0,4,"hudsonica","March"
"March",25,0,4,"hudsonica","March"
"March",25,0,4,"hudsonica","March"
"March",25,0,4,"hudsonica","March"
"March",25,0,4,"hudsonica","March"
"March",25,0,4,"hudsonica","March"
"March",25,0,4,"hudsonica","March"
"March",25,0,4,"hudsonica","March"
"March",25,0,4,"hudsonica","March"
"March",25,0,4,"hudsonica","March"
"March",25,0,4,"hudsonica","March"
"March",25,0,4,"hudsonica","March"
"March",25,0,4,"hudsonica","March"
"March",25,0,4,"hudsonica","March"
"March",25,0,4,"hudsonica","March"
"March",24,0,4,"hudsonica","March"
"March",24,0,4,"hudsonica","March"
"March",24,0,4,"hudsonica","March"
"March",24,0,4,"hudsonica","March"
"March",24,0,4,"hudsonica","March"
"March",24,0,4,"hudsonica","March"
"March",24,0,4,"hudsonica","March"
"March",24,0,4,"hudsonica","March"
"March",24,0,4,"hudsonica","March"
"March",24,0,4,"hudsonica","March"
"March",24,0,4,"hudsonica","March"
"March",24,0,4,"hudsonica","March"
"March",24,0,4,"hudsonica","March"
"March",24,0,4,"hudsonica","March"
"March",24,0,4,"hudsonica","March"
"March",23,1,4,"hudsonica","March"
"March",23,0,4,"hudsonica","March"
"March",23,0,4,"hudsonica","March"
"March",23,0,4,"hudsonica","March"
"March",23,0,4,"hudsonica","March"
"March",23,0,4,"hudsonica","March"
"March",23,0,4,"hudsonica","March"
"March",23,0,4,"hudsonica","March"
"March",23,0,4,"hudsonica","March"
"March",23,0,4,"hudsonica","March"
"March",23,0,4,"hudsonica","March"
"March",23,0,4,"hudsonica","March"
"March",23,0,4,"hudsonica","March"
"March",23,0,4,"hudsonica","March"
"March",23,0,4,"hudsonica","March"
"March",22,0,4,"hudsonica","March"
"March",22,0,4,"hudsonica","March"
"March",22,0,4,"hudsonica","March"
"March",22,0,4,"hudsonica","March"
"March",22,0,4,"hudsonica","March"
"March",22,0,4,"hudsonica","March"
"March",22,0,4,"hudsonica","March"
"March",22,0,4,"hudsonica","March"
"March",22,0,4,"hudsonica","March"
"March",22,0,4,"hudsonica","March"
"March",22,0,4,"hudsonica","March"
"March",22,0,4,"hudsonica","March"
"March",22,0,4,"hudsonica","March"
"March",22,0,4,"hudsonica","March"
"March",22,0,4,"hudsonica","March"
"March",21.5,1,4,"hudsonica","March"
"March",21.5,1,4,"hudsonica","March"
"March",21.5,1,4,"hudsonica","March"
"March",21.5,1,4,"hudsonica","March"
"March",21.5,1,4,"hudsonica","March"
"March",21.5,0,4,"hudsonica","March"
"March",21.5,0,4,"hudsonica","March"
"March",21.5,0,4,"hudsonica","March"
"March",21.5,0,4,"hudsonica","March"
"March",21.5,0,4,"hudsonica","March"
"March",21.5,0,4,"hudsonica","March"
"March",21.5,0,4,"hudsonica","March"
"March",21.5,0,4,"hudsonica","March"
"March",21.5,0,4,"hudsonica","March"
"March",21.5,0,4,"hudsonica","March"
"March",21,1,4,"hudsonica","March"
"March",21,1,4,"hudsonica","March"
"March",21,1,4,"hudsonica","March"
"March",21,1,4,"hudsonica","March"
"March",21,1,4,"hudsonica","March"
"March",21,1,4,"hudsonica","March"
"March",21,0,4,"hudsonica","March"
"March",21,0,4,"hudsonica","March"
"March",21,0,4,"hudsonica","March"
"March",21,0,4,"hudsonica","March"
"March",21,0,4,"hudsonica","March"
"March",21,0,4,"hudsonica","March"
"March",21,0,4,"hudsonica","March"
"March",21,0,4,"hudsonica","March"
"March",21,0,4,"hudsonica","March"
"March",20.5,1,4,"hudsonica","March"
"March",20.5,1,4,"hudsonica","March"
"March",20.5,1,4,"hudsonica","March"
"March",20.5,1,4,"hudsonica","March"
"March",20.5,1,4,"hudsonica","March"
"March",20.5,1,4,"hudsonica","March"
"March",20.5,1,4,"hudsonica","March"
"March",20.5,1,4,"hudsonica","March"
"March",20.5,1,4,"hudsonica","March"
"March",20.5,1,4,"hudsonica","March"
"March",20.5,1,4,"hudsonica","March"
"March",20.5,1,4,"hudsonica","March"
"March",20.5,1,4,"hudsonica","March"
"March",20.5,1,4,"hudsonica","March"
"March",20.5,0,4,"hudsonica","March"
"March",20,1,4,"hudsonica","March"
"March",20,1,4,"hudsonica","March"
"March",20,1,4,"hudsonica","March"
"March",20,1,4,"hudsonica","March"
"March",20,1,4,"hudsonica","March"
"March",20,1,4,"hudsonica","March"
"March",20,1,4,"hudsonica","March"
"March",20,1,4,"hudsonica","March"
"March",20,1,4,"hudsonica","March"
"March",20,1,4,"hudsonica","March"
"March",20,1,4,"hudsonica","March"
"March",20,1,4,"hudsonica","March"
"March",20,1,4,"hudsonica","March"
"March",20,1,4,"hudsonica","March"
"March",20,1,4,"hudsonica","March"
"March",19,1,4,"hudsonica","March"
"March",19,1,4,"hudsonica","March"
"March",19,1,4,"hudsonica","March"
"March",19,1,4,"hudsonica","March"
"March",19,1,4,"hudsonica","March"
"March",19,1,4,"hudsonica","March"
"March",19,1,4,"hudsonica","March"
"March",19,1,4,"hudsonica","March"
"March",19,1,4,"hudsonica","March"
"March",19,1,4,"hudsonica","March"
"March",19,1,4,"hudsonica","March"
"March",19,1,4,"hudsonica","March"
"March",19,1,4,"hudsonica","March"
"March",19,1,4,"hudsonica","March"
"March",19,1,4,"hudsonica","March"
"March",18,1,4,"hudsonica","March"
"March",18,1,4,"hudsonica","March"
"March",18,1,4,"hudsonica","March"
"March",18,1,4,"hudsonica","March"
"March",18,1,4,"hudsonica","March"
"March",18,1,4,"hudsonica","March"
"March",18,1,4,"hudsonica","March"
"March",18,1,4,"hudsonica","March"
"March",18,1,4,"hudsonica","March"
"March",18,1,4,"hudsonica","March"
"March",18,1,4,"hudsonica","March"
"March",18,1,4,"hudsonica","March"
"March",18,1,4,"hudsonica","March"
"March",18,1,4,"hudsonica","March"
"March",18,1,4,"hudsonica","March"
"April",26,0,9.2,"hudsonica","April"
"April",26,0,9.2,"hudsonica","April"
"April",26,0,9.2,"hudsonica","April"
"April",26,0,9.2,"hudsonica","April"
"April",26,0,9.2,"hudsonica","April"
"April",26,0,9.2,"hudsonica","April"
"April",26,0,9.2,"hudsonica","April"
"April",26,0,9.2,"hudsonica","April"
"April",26,0,9.2,"hudsonica","April"
"April",26,0,9.2,"hudsonica","April"
"April",26,0,9.2,"hudsonica","April"
"April",26,0,9.2,"hudsonica","April"
"April",26,0,9.2,"hudsonica","April"
"April",26,0,9.2,"hudsonica","April"
"April",26,0,9.2,"hudsonica","April"
"April",25,1,9.2,"hudsonica","April"
"April",25,0,9.2,"hudsonica","April"
"April",25,0,9.2,"hudsonica","April"
"April",25,0,9.2,"hudsonica","April"
"April",25,0,9.2,"hudsonica","April"
"April",25,0,9.2,"hudsonica","April"
"April",25,0,9.2,"hudsonica","April"
"April",25,0,9.2,"hudsonica","April"
"April",25,0,9.2,"hudsonica","April"
"April",25,0,9.2,"hudsonica","April"
"April",25,0,9.2,"hudsonica","April"
"April",25,0,9.2,"hudsonica","April"
"April",25,0,9.2,"hudsonica","April"
"April",25,0,9.2,"hudsonica","April"
"April",25,0,9.2,"hudsonica","April"
"April",24,1,9.2,"hudsonica","April"
"April",24,0,9.2,"hudsonica","April"
"April",24,0,9.2,"hudsonica","April"
"April",24,0,9.2,"hudsonica","April"
"April",24,0,9.2,"hudsonica","April"
"April",24,0,9.2,"hudsonica","April"
"April",24,0,9.2,"hudsonica","April"
"April",24,0,9.2,"hudsonica","April"
"April",24,0,9.2,"hudsonica","April"
"April",24,0,9.2,"hudsonica","April"
"April",24,0,9.2,"hudsonica","April"
"April",24,0,9.2,"hudsonica","April"
"April",24,0,9.2,"hudsonica","April"
"April",24,0,9.2,"hudsonica","April"
"April",24,0,9.2,"hudsonica","April"
"April",22.5,1,9.2,"hudsonica","April"
"April",22.5,1,9.2,"hudsonica","April"
"April",22.5,1,9.2,"hudsonica","April"
"April",22.5,1,9.2,"hudsonica","April"
"April",22.5,1,9.2,"hudsonica","April"
"April",22.5,0,9.2,"hudsonica","April"
"April",22.5,0,9.2,"hudsonica","April"
"April",22.5,0,9.2,"hudsonica","April"
"April",22.5,0,9.2,"hudsonica","April"
"April",22.5,0,9.2,"hudsonica","April"
"April",22.5,0,9.2,"hudsonica","April"
"April",22.5,0,9.2,"hudsonica","April"
"April",22.5,0,9.2,"hudsonica","April"
"April",22.5,0,9.2,"hudsonica","April"
"April",22.5,0,9.2,"hudsonica","April"
"April",22,1,9.2,"hudsonica","April"
"April",22,1,9.2,"hudsonica","April"
"April",22,1,9.2,"hudsonica","April"
"April",22,1,9.2,"hudsonica","April"
"April",22,1,9.2,"hudsonica","April"
"April",22,1,9.2,"hudsonica","April"
"April",22,0,9.2,"hudsonica","April"
"April",22,0,9.2,"hudsonica","April"
"April",22,0,9.2,"hudsonica","April"
"April",22,0,9.2,"hudsonica","April"
"April",22,0,9.2,"hudsonica","April"
"April",22,0,9.2,"hudsonica","April"
"April",22,0,9.2,"hudsonica","April"
"April",22,0,9.2,"hudsonica","April"
"April",22,0,9.2,"hudsonica","April"
"April",21.5,1,9.2,"hudsonica","April"
"April",21.5,1,9.2,"hudsonica","April"
"April",21.5,1,9.2,"hudsonica","April"
"April",21.5,1,9.2,"hudsonica","April"
"April",21.5,1,9.2,"hudsonica","April"
"April",21.5,1,9.2,"hudsonica","April"
"April",21.5,1,9.2,"hudsonica","April"
"April",21.5,1,9.2,"hudsonica","April"
"April",21.5,1,9.2,"hudsonica","April"
"April",21.5,1,9.2,"hudsonica","April"
"April",21.5,1,9.2,"hudsonica","April"
"April",21.5,0,9.2,"hudsonica","April"
"April",21.5,0,9.2,"hudsonica","April"
"April",21.5,0,9.2,"hudsonica","April"
"April",21.5,0,9.2,"hudsonica","April"
"April",21,1,9.2,"hudsonica","April"
"April",21,1,9.2,"hudsonica","April"
"April",21,1,9.2,"hudsonica","April"
"April",21,1,9.2,"hudsonica","April"
"April",21,1,9.2,"hudsonica","April"
"April",21,1,9.2,"hudsonica","April"
"April",21,1,9.2,"hudsonica","April"
"April",21,1,9.2,"hudsonica","April"
"April",21,1,9.2,"hudsonica","April"
"April",21,1,9.2,"hudsonica","April"
"April",21,1,9.2,"hudsonica","April"
"April",21,1,9.2,"hudsonica","April"
"April",21,1,9.2,"hudsonica","April"
"April",21,1,9.2,"hudsonica","April"
"April",21,1,9.2,"hudsonica","April"
"April",20.5,1,9.2,"hudsonica","April"
"April",20.5,1,9.2,"hudsonica","April"
"April",20.5,1,9.2,"hudsonica","April"
"April",20.5,1,9.2,"hudsonica","April"
"April",20.5,1,9.2,"hudsonica","April"
"April",20.5,1,9.2,"hudsonica","April"
"April",20.5,1,9.2,"hudsonica","April"
"April",20.5,1,9.2,"hudsonica","April"
"April",20.5,1,9.2,"hudsonica","April"
"April",20.5,1,9.2,"hudsonica","April"
"April",20.5,1,9.2,"hudsonica","April"
"April",20.5,1,9.2,"hudsonica","April"
"April",20.5,1,9.2,"hudsonica","April"
"April",20.5,1,9.2,"hudsonica","April"
"April",20.5,1,9.2,"hudsonica","April"
"April",20,1,9.2,"hudsonica","April"
"April",20,1,9.2,"hudsonica","April"
"April",20,1,9.2,"hudsonica","April"
"April",20,1,9.2,"hudsonica","April"
"April",20,1,9.2,"hudsonica","April"
"April",20,1,9.2,"hudsonica","April"
"April",20,1,9.2,"hudsonica","April"
"April",20,1,9.2,"hudsonica","April"
"April",20,1,9.2,"hudsonica","April"
"April",20,1,9.2,"hudsonica","April"
"April",20,1,9.2,"hudsonica","April"
"April",20,1,9.2,"hudsonica","April"
"April",20,1,9.2,"hudsonica","April"
"April",20,1,9.2,"hudsonica","April"
"April",20,1,9.2,"hudsonica","April"
"April",19,1,9.2,"hudsonica","April"
"April",19,1,9.2,"hudsonica","April"
"April",19,1,9.2,"hudsonica","April"
"April",19,1,9.2,"hudsonica","April"
"April",19,1,9.2,"hudsonica","April"
"April",19,1,9.2,"hudsonica","April"
"April",19,1,9.2,"hudsonica","April"
"April",19,1,9.2,"hudsonica","April"
"April",19,1,9.2,"hudsonica","April"
"April",19,1,9.2,"hudsonica","April"
"April",19,1,9.2,"hudsonica","April"
"April",19,1,9.2,"hudsonica","April"
"April",19,1,9.2,"hudsonica","April"
"April",19,1,9.2,"hudsonica","April"
"April",19,1,9.2,"hudsonica","April"
"May",26,0,12,"hudsonica","May"
"May",26,0,12,"hudsonica","May"
"May",26,0,12,"hudsonica","May"
"May",26,0,12,"hudsonica","May"
"May",26,0,12,"hudsonica","May"
"May",26,0,12,"hudsonica","May"
"May",26,0,12,"hudsonica","May"
"May",26,0,12,"hudsonica","May"
"May",26,0,12,"hudsonica","May"
"May",26,0,12,"hudsonica","May"
"May",26,0,12,"hudsonica","May"
"May",26,0,12,"hudsonica","May"
"May",26,0,12,"hudsonica","May"
"May",26,0,12,"hudsonica","May"
"May",26,0,12,"hudsonica","May"
"May",25,1,12,"hudsonica","May"
"May",25,1,12,"hudsonica","May"
"May",25,1,12,"hudsonica","May"
"May",25,1,12,"hudsonica","May"
"May",25,1,12,"hudsonica","May"
"May",25,1,12,"hudsonica","May"
"May",25,1,12,"hudsonica","May"
"May",25,0,12,"hudsonica","May"
"May",25,0,12,"hudsonica","May"
"May",25,0,12,"hudsonica","May"
"May",25,0,12,"hudsonica","May"
"May",25,0,12,"hudsonica","May"
"May",25,0,12,"hudsonica","May"
"May",25,0,12,"hudsonica","May"
"May",25,0,12,"hudsonica","May"
"May",24,1,12,"hudsonica","May"
"May",24,1,12,"hudsonica","May"
"May",24,1,12,"hudsonica","May"
"May",24,1,12,"hudsonica","May"
"May",24,1,12,"hudsonica","May"
"May",24,1,12,"hudsonica","May"
"May",24,0,12,"hudsonica","May"
"May",24,0,12,"hudsonica","May"
"May",24,0,12,"hudsonica","May"
"May",24,0,12,"hudsonica","May"
"May",24,0,12,"hudsonica","May"
"May",24,0,12,"hudsonica","May"
"May",24,0,12,"hudsonica","May"
"May",24,0,12,"hudsonica","May"
"May",24,0,12,"hudsonica","May"
"May",23.5,1,12,"hudsonica","May"
"May",23.5,1,12,"hudsonica","May"
"May",23.5,1,12,"hudsonica","May"
"May",23.5,1,12,"hudsonica","May"
"May",23.5,1,12,"hudsonica","May"
"May",23.5,1,12,"hudsonica","May"
"May",23.5,1,12,"hudsonica","May"
"May",23.5,0,12,"hudsonica","May"
"May",23.5,0,12,"hudsonica","May"
"May",23.5,0,12,"hudsonica","May"
"May",23.5,0,12,"hudsonica","May"
"May",23.5,0,12,"hudsonica","May"
"May",23.5,0,12,"hudsonica","May"
"May",23.5,0,12,"hudsonica","May"
"May",23.5,0,12,"hudsonica","May"
"May",23,1,12,"hudsonica","May"
"May",23,1,12,"hudsonica","May"
"May",23,1,12,"hudsonica","May"
"May",23,1,12,"hudsonica","May"
"May",23,1,12,"hudsonica","May"
"May",23,1,12,"hudsonica","May"
"May",23,1,12,"hudsonica","May"
"May",23,1,12,"hudsonica","May"
"May",23,1,12,"hudsonica","May"
"May",23,0,12,"hudsonica","May"
"May",23,0,12,"hudsonica","May"
"May",23,0,12,"hudsonica","May"
"May",23,0,12,"hudsonica","May"
"May",23,0,12,"hudsonica","May"
"May",23,0,12,"hudsonica","May"
"May",22.5,1,12,"hudsonica","May"
"May",22.5,1,12,"hudsonica","May"
"May",22.5,1,12,"hudsonica","May"
"May",22.5,1,12,"hudsonica","May"
"May",22.5,1,12,"hudsonica","May"
"May",22.5,1,12,"hudsonica","May"
"May",22.5,1,12,"hudsonica","May"
"May",22.5,1,12,"hudsonica","May"
"May",22.5,1,12,"hudsonica","May"
"May",22.5,1,12,"hudsonica","May"
"May",22.5,1,12,"hudsonica","May"
"May",22.5,1,12,"hudsonica","May"
"May",22.5,0,12,"hudsonica","May"
"May",22.5,0,12,"hudsonica","May"
"May",22.5,0,12,"hudsonica","May"
"May",22,1,12,"hudsonica","May"
"May",22,1,12,"hudsonica","May"
"May",22,1,12,"hudsonica","May"
"May",22,1,12,"hudsonica","May"
"May",22,1,12,"hudsonica","May"
"May",22,1,12,"hudsonica","May"
"May",22,1,12,"hudsonica","May"
"May",22,1,12,"hudsonica","May"
"May",22,1,12,"hudsonica","May"
"May",22,1,12,"hudsonica","May"
"May",22,1,12,"hudsonica","May"
"May",22,0,12,"hudsonica","May"
"May",22,0,12,"hudsonica","May"
"May",22,0,12,"hudsonica","May"
"May",22,0,12,"hudsonica","May"
"May",21.5,1,12,"hudsonica","May"
"May",21.5,1,12,"hudsonica","May"
"May",21.5,1,12,"hudsonica","May"
"May",21.5,1,12,"hudsonica","May"
"May",21.5,1,12,"hudsonica","May"
"May",21.5,1,12,"hudsonica","May"
"May",21.5,1,12,"hudsonica","May"
"May",21.5,1,12,"hudsonica","May"
"May",21.5,1,12,"hudsonica","May"
"May",21.5,1,12,"hudsonica","May"
"May",21.5,1,12,"hudsonica","May"
"May",21.5,1,12,"hudsonica","May"
"May",21.5,1,12,"hudsonica","May"
"May",21.5,1,12,"hudsonica","May"
"May",21.5,0,12,"hudsonica","May"
"May",21,1,12,"hudsonica","May"
"May",21,1,12,"hudsonica","May"
"May",21,1,12,"hudsonica","May"
"May",21,1,12,"hudsonica","May"
"May",21,1,12,"hudsonica","May"
"May",21,1,12,"hudsonica","May"
"May",21,1,12,"hudsonica","May"
"May",21,1,12,"hudsonica","May"
"May",21,1,12,"hudsonica","May"
"May",21,1,12,"hudsonica","May"
"May",21,1,12,"hudsonica","May"
"May",21,1,12,"hudsonica","May"
"May",21,1,12,"hudsonica","May"
"May",21,1,12,"hudsonica","May"
"May",21,1,12,"hudsonica","May"
"May",20.5,1,12,"hudsonica","May"
"May",20.5,1,12,"hudsonica","May"
"May",20.5,1,12,"hudsonica","May"
"May",20.5,1,12,"hudsonica","May"
"May",20.5,1,12,"hudsonica","May"
"May",20.5,1,12,"hudsonica","May"
"May",20.5,1,12,"hudsonica","May"
"May",20.5,1,12,"hudsonica","May"
"May",20.5,1,12,"hudsonica","May"
"May",20.5,1,12,"hudsonica","May"
"May",20.5,1,12,"hudsonica","May"
"May",20.5,1,12,"hudsonica","May"
"May",20.5,1,12,"hudsonica","May"
"May",20.5,1,12,"hudsonica","May"
"May",20.5,1,12,"hudsonica","May"
"May",20,1,12,"hudsonica","May"
"May",20,1,12,"hudsonica","May"
"May",20,1,12,"hudsonica","May"
"May",20,1,12,"hudsonica","May"
"May",20,1,12,"hudsonica","May"
"May",20,1,12,"hudsonica","May"
"May",20,1,12,"hudsonica","May"
"May",20,1,12,"hudsonica","May"
"May",20,1,12,"hudsonica","May"
"May",20,1,12,"hudsonica","May"
"May",20,1,12,"hudsonica","May"
"May",20,1,12,"hudsonica","May"
"May",20,1,12,"hudsonica","May"
"May",20,1,12,"hudsonica","May"
"May",20,1,12,"hudsonica","May"
"May",19,1,12,"hudsonica","May"
"May",19,1,12,"hudsonica","May"
"May",19,1,12,"hudsonica","May"
"May",19,1,12,"hudsonica","May"
"May",19,1,12,"hudsonica","May"
"May",19,1,12,"hudsonica","May"
"May",19,1,12,"hudsonica","May"
"May",19,1,12,"hudsonica","May"
"May",19,1,12,"hudsonica","May"
"May",19,1,12,"hudsonica","May"
"May",19,1,12,"hudsonica","May"
"May",19,1,12,"hudsonica","May"
"May",19,1,12,"hudsonica","May"
"May",19,1,12,"hudsonica","May"
"May",19,1,12,"hudsonica","May"
"June",22,1,18.6,"hudsonica","June"
"June",22,1,18.6,"hudsonica","June"
"June",22,1,18.6,"hudsonica","June"
"June",22,1,18.6,"hudsonica","June"
"June",22,1,18.6,"hudsonica","June"
"June",22,1,18.6,"hudsonica","June"
"June",22,1,18.6,"hudsonica","June"
"June",22,1,18.6,"hudsonica","June"
"June",22,1,18.6,"hudsonica","June"
"June",22,1,18.6,"hudsonica","June"
"June",22,1,18.6,"hudsonica","June"
"June",22,1,18.6,"hudsonica","June"
"June",22,1,18.6,"hudsonica","June"
"June",22,1,18.6,"hudsonica","June"
"June",22,1,18.6,"hudsonica","June"
"June",23,1,18.6,"hudsonica","June"
"June",23,1,18.6,"hudsonica","June"
"June",23,1,18.6,"hudsonica","June"
"June",23,1,18.6,"hudsonica","June"
"June",23,1,18.6,"hudsonica","June"
"June",23,1,18.6,"hudsonica","June"
"June",23,1,18.6,"hudsonica","June"
"June",23,1,18.6,"hudsonica","June"
"June",23,1,18.6,"hudsonica","June"
"June",23,1,18.6,"hudsonica","June"
"June",23,1,18.6,"hudsonica","June"
"June",23,1,18.6,"hudsonica","June"
"June",23,1,18.6,"hudsonica","June"
"June",23,1,18.6,"hudsonica","June"
"June",23,1,18.6,"hudsonica","June"
"June",23.5,1,18.6,"hudsonica","June"
"June",23.5,1,18.6,"hudsonica","June"
"June",23.5,1,18.6,"hudsonica","June"
"June",23.5,1,18.6,"hudsonica","June"
"June",23.5,1,18.6,"hudsonica","June"
"June",23.5,1,18.6,"hudsonica","June"
"June",23.5,1,18.6,"hudsonica","June"
"June",23.5,1,18.6,"hudsonica","June"
"June",23.5,1,18.6,"hudsonica","June"
"June",23.5,1,18.6,"hudsonica","June"
"June",23.5,1,18.6,"hudsonica","June"
"June",23.5,1,18.6,"hudsonica","June"
"June",23.5,1,18.6,"hudsonica","June"
"June",23.5,1,18.6,"hudsonica","June"
"June",23.5,0,18.6,"hudsonica","June"
"June",24,1,18.6,"hudsonica","June"
"June",24,1,18.6,"hudsonica","June"
"June",24,1,18.6,"hudsonica","June"
"June",24,1,18.6,"hudsonica","June"
"June",24,1,18.6,"hudsonica","June"
"June",24,1,18.6,"hudsonica","June"
"June",24,1,18.6,"hudsonica","June"
"June",24,1,18.6,"hudsonica","June"
"June",24,1,18.6,"hudsonica","June"
"June",24,1,18.6,"hudsonica","June"
"June",24,1,18.6,"hudsonica","June"
"June",24,1,18.6,"hudsonica","June"
"June",24,1,18.6,"hudsonica","June"
"June",24,0,18.6,"hudsonica","June"
"June",24,0,18.6,"hudsonica","June"
"June",24.5,1,18.6,"hudsonica","June"
"June",24.5,1,18.6,"hudsonica","June"
"June",24.5,1,18.6,"hudsonica","June"
"June",24.5,1,18.6,"hudsonica","June"
"June",24.5,1,18.6,"hudsonica","June"
"June",24.5,1,18.6,"hudsonica","June"
"June",24.5,1,18.6,"hudsonica","June"
"June",24.5,1,18.6,"hudsonica","June"
"June",24.5,1,18.6,"hudsonica","June"
"June",24.5,1,18.6,"hudsonica","June"
"June",24.5,1,18.6,"hudsonica","June"
"June",24.5,1,18.6,"hudsonica","June"
"June",24.5,1,18.6,"hudsonica","June"
"June",24.5,0,18.6,"hudsonica","June"
"June",24.5,0,18.6,"hudsonica","June"
"June",25,1,18.6,"hudsonica","June"
"June",25,1,18.6,"hudsonica","June"
"June",25,1,18.6,"hudsonica","June"
"June",25,1,18.6,"hudsonica","June"
"June",25,1,18.6,"hudsonica","June"
"June",25,1,18.6,"hudsonica","June"
"June",25,0,18.6,"hudsonica","June"
"June",25,0,18.6,"hudsonica","June"
"June",25,0,18.6,"hudsonica","June"
"June",25,0,18.6,"hudsonica","June"
"June",25,0,18.6,"hudsonica","June"
"June",25,0,18.6,"hudsonica","June"
"June",25,0,18.6,"hudsonica","June"
"June",25,0,18.6,"hudsonica","June"
"June",25,0,18.6,"hudsonica","June"
"June",25.5,1,18.6,"hudsonica","June"
"June",25.5,1,18.6,"hudsonica","June"
"June",25.5,1,18.6,"hudsonica","June"
"June",25.5,1,18.6,"hudsonica","June"
"June",25.5,1,18.6,"hudsonica","June"
"June",25.5,1,18.6,"hudsonica","June"
"June",25.5,0,18.6,"hudsonica","June"
"June",25.5,0,18.6,"hudsonica","June"
"June",25.5,0,18.6,"hudsonica","June"
"June",25.5,0,18.6,"hudsonica","June"
"June",25.5,0,18.6,"hudsonica","June"
"June",25.5,0,18.6,"hudsonica","June"
"June",25.5,0,18.6,"hudsonica","June"
"June",25.5,0,18.6,"hudsonica","June"
"June",25.5,0,18.6,"hudsonica","June"
"June",26,0,18.6,"hudsonica","June"
"June",26,0,18.6,"hudsonica","June"
"June",26,0,18.6,"hudsonica","June"
"June",26,0,18.6,"hudsonica","June"
"June",26,0,18.6,"hudsonica","June"
"June",26,0,18.6,"hudsonica","June"
"June",26,0,18.6,"hudsonica","June"
"June",26,0,18.6,"hudsonica","June"
"June",26,0,18.6,"hudsonica","June"
"June",26,0,18.6,"hudsonica","June"
"June",26,0,18.6,"hudsonica","June"
"June",26,0,18.6,"hudsonica","June"
"June",26,0,18.6,"hudsonica","June"
"June",26,0,18.6,"hudsonica","June"
"June",26,0,18.6,"hudsonica","June"
"June",26.5,0,18.6,"hudsonica","June"
"June",26.5,0,18.6,"hudsonica","June"
"June",26.5,0,18.6,"hudsonica","June"
"June",26.5,0,18.6,"hudsonica","June"
"June",26.5,0,18.6,"hudsonica","June"
"June",26.5,0,18.6,"hudsonica","June"
"June",26.5,0,18.6,"hudsonica","June"
"June",26.5,0,18.6,"hudsonica","June"
"June",26.5,0,18.6,"hudsonica","June"
"June",26.5,0,18.6,"hudsonica","June"
"June",26.5,0,18.6,"hudsonica","June"
"June",26.5,0,18.6,"hudsonica","June"
"June",26.5,0,18.6,"hudsonica","June"
"June",26.5,0,18.6,"hudsonica","June"
"June",26.5,0,18.6,"hudsonica","June"
"June",27,0,18.6,"hudsonica","June"
"June",27,0,18.6,"hudsonica","June"
"June",27,0,18.6,"hudsonica","June"
"June",27,0,18.6,"hudsonica","June"
"June",27,0,18.6,"hudsonica","June"
"June",27,0,18.6,"hudsonica","June"
"June",27,0,18.6,"hudsonica","June"
"June",27,0,18.6,"hudsonica","June"
"June",27,0,18.6,"hudsonica","June"
"June",27,0,18.6,"hudsonica","June"
"June",27,0,18.6,"hudsonica","June"
"June",27,0,18.6,"hudsonica","June"
"June",27,0,18.6,"hudsonica","June"
"June",27,0,18.6,"hudsonica","June"
"June",27,0,18.6,"hudsonica","June"
"June",27.5,0,18.6,"hudsonica","June"
"June",27.5,0,18.6,"hudsonica","June"
"June",27.5,0,18.6,"hudsonica","June"
"June",27.5,0,18.6,"hudsonica","June"
"June",27.5,0,18.6,"hudsonica","June"
"June",27.5,0,18.6,"hudsonica","June"
"June",27.5,0,18.6,"hudsonica","June"
"June",27.5,0,18.6,"hudsonica","June"
"June",27.5,0,18.6,"hudsonica","June"
"June",27.5,0,18.6,"hudsonica","June"
"June",27.5,0,18.6,"hudsonica","June"
"June",27.5,0,18.6,"hudsonica","June"
"June",27.5,0,18.6,"hudsonica","June"
"June",27.5,0,18.6,"hudsonica","June"
"June",27.5,0,18.6,"hudsonica","June"
"June",28,0,18.6,"hudsonica","June"
"June",28,0,18.6,"hudsonica","June"
"June",28,0,18.6,"hudsonica","June"
"June",28,0,18.6,"hudsonica","June"
"June",28,0,18.6,"hudsonica","June"
"June",28,0,18.6,"hudsonica","June"
"June",28,0,18.6,"hudsonica","June"
"June",28,0,18.6,"hudsonica","June"
"June",28,0,18.6,"hudsonica","June"
"June",28,0,18.6,"hudsonica","June"
"June",28,0,18.6,"hudsonica","June"
"June",28,0,18.6,"hudsonica","June"
"June",28,0,18.6,"hudsonica","June"
"June",28,0,18.6,"hudsonica","June"
"June",28,0,18.6,"hudsonica","June"
